Title,URL,VisitCount,LastVisitTime
YouTube,https://www.youtube.com/,5,2022-09-17T01:46:00.912851-05:00
https://www.google.com/search?q=plan+de+curricular+ebc+mercadotecnia&rlz=1C1CHBF_esMX998MX998&ei=p_8kY7m-F8HXkPIPrZ276AQ&ved=0ahUKEwj5rd_vtJr6AhXBK0QIHa3ODk0Q4dUDCA8&uact=5&oq=plan+de+curricular+ebc+mercadotecnia&gs_lcp=Cgdnd3Mtd2l6EAMyCAghEMMEEKABOgoIABBHENYEELADSgQIQRgASgQIRhgAUO0FWOwQYP8UaAFwAXgAgAGZAogBrBCSAQUwLjcuNJgBAKABAcgBCMABAQ&sclient=gws-wiz,https://www.google.com/search?q=plan+de+curricular+ebc+mercadotecnia&rlz=1C1CHBF_esMX998MX998&ei=p_8kY7m-F8HXkPIPrZ276AQ&ved=0ahUKEwj5rd_vtJr6AhXBK0QIHa3ODk0Q4dUDCA8&uact=5&oq=plan+de+curricular+ebc+mercadotecnia&gs_lcp=Cgdnd3Mtd2l6EAMyCAghEMMEEKABOgoIABBHENYEELADSgQIQRgASgQIRhgAUO0FWOwQYP8UaAFwAXgAgAGZAogBrBCSAQUwLjcuNJgBAKABAcgBCMABAQ&sclient=gws-wiz,4,2022-09-17T00:45:35.353676-05:00
plan de estudios arkansas state university - Buscar con Google,https://www.google.com/search?q=plan+de+estudios+arkansas+state+university&rlz=1C1CHBF_esMX998MX998&ei=sRQlY5G8M_vekPIPzteuwA0&ved=0ahUKEwjR2Jr4yJr6AhV7L0QIHc6rC9gQ4dUDCA8&uact=5&oq=plan+de+estudios+arkansas+state+university&gs_lcp=Cgdnd3Mtd2l6EAMyBggAEB4QFjoKCAAQRxDWBBCwA0oECEEYAEoECEYYAFCqA1iqA2D3BmgBcAB4AIABpwGIAacBkgEDMC4xmAEAoAEByAEIwAEB&sclient=gws-wiz,4,2022-09-17T01:41:29.139411-05:00
Compatibilidad con gráficos Intel®,https://www.intel.la/content/www/xl/es/support/products/80939/graphics.html#support-product-selector,4,2022-09-09T03:31:29.100747-05:00
plan de estudios arkansas state university comunicacion estrategica - Buscar con Google,https://www.google.com/search?q=plan+de+estudios+arkansas+state+university+comunicacion+estrategica&rlz=1C1CHBF_esMX998MX998&ei=9BQlY6oBpNWQ8g_zrKOQBA&oq=plan+de+estudios+arkansas+state+university+comunicacion+est&gs_lcp=Cgdnd3Mtd2l6EAMYADIFCCEQoAEyBQghEKABMgUIIRCgAToKCAAQRxDWBBCwAzoGCAAQHhAWOgQIIRAVOggIIRAeEBYQHToHCCEQoAEQCkoECEEYAEoECEYYAFC0A1i0HWC9KWgCcAB4AIABiQKIAfoPkgEFMC45LjOYAQCgAQHIAQjAAQE&sclient=gws-wiz,3,2022-09-17T01:44:25.534775-05:00
YouTube,https://www.youtube.com/?gl=MX&hl=es,3,2022-09-17T01:17:30.9452-05:00
https://www.google.com/search?q=plan+de+estudios+arquitectura+univa&rlz=1C1CHBF_esMX998MX998&ei=7P8kY9W1KdThkPIP9YG10AM&oq=plan+de+curricular+univa+arqui&gs_lcp=Cgdnd3Mtd2l6EAMYADIGCAAQHhAWSgQIQRgASgQIRhgAUABY9xBgpCFoAHABeACAAZwCiAGYEZIBBTAuOS4zmAEAoAEBwAEB&sclient=gws-wiz,https://www.google.com/search?q=plan+de+estudios+arquitectura+univa&rlz=1C1CHBF_esMX998MX998&ei=7P8kY9W1KdThkPIP9YG10AM&oq=plan+de+curricular+univa+arqui&gs_lcp=Cgdnd3Mtd2l6EAMYADIGCAAQHhAWSgQIQRgASgQIRhgAUABY9xBgpCFoAHABeACAAZwCiAGYEZIBBTAuOS4zmAEAoAEBwAEB&sclient=gws-wiz,3,2022-09-17T01:07:59.799184-05:00
https://www.google.com/search?q=plan+de+estudios+psicologia+en+uiw&rlz=1C1CHBF_esMX998MX998&ei=pgolY8_EGJXSkPIPp9q1kAc&ved=0ahUKEwjPr4auv5r6AhUVKUQIHSdtDXIQ4dUDCA8&uact=5&oq=plan+de+estudios+psicologia+en+uiw&gs_lcp=Cgdnd3Mtd2l6EAMyBQgAEKIEMgUIABCiBDIFCAAQogQyBQgAEKIEOgQIABBHOgUIABCABDoICAAQgAQQsQM6BQghEKABOggIIRAeEBYQHToGCAAQHhAWSgQIQRgASgQIRhgAUIEZWMRFYONfaAFwAngAgAGPAogB1Q2SAQUwLjguMpgBAKABAcgBCMABAQ&sclient=gws-wiz,https://www.google.com/search?q=plan+de+estudios+psicologia+en+uiw&rlz=1C1CHBF_esMX998MX998&ei=pgolY8_EGJXSkPIPp9q1kAc&ved=0ahUKEwjPr4auv5r6AhUVKUQIHSdtDXIQ4dUDCA8&uact=5&oq=plan+de+estudios+psicologia+en+uiw&gs_lcp=Cgdnd3Mtd2l6EAMyBQgAEKIEMgUIABCiBDIFCAAQogQyBQgAEKIEOgQIABBHOgUIABCABDoICAAQgAQQsQM6BQghEKABOggIIRAeEBYQHToGCAAQHhAWSgQIQRgASgQIRhgAUIEZWMRFYONfaAFwAngAgAGPAogB1Q2SAQUwLjguMpgBAKABAcgBCMABAQ&sclient=gws-wiz,3,2022-09-17T01:28:13.558616-05:00
Compatibilidad con gráficos Intel®,https://www.intel.la/content/www/xl/es/support/products/80939/graphics.html#identify-your-product,3,2022-09-09T03:31:28.792785-05:00
plan de estudios arkansas state university comunicacion - Buscar con Google,https://www.google.com/search?q=plan+de+estudios+arkansas+state+university+comunicacion&rlz=1C1CHBF_esMX998MX998&ei=7Q8lY_y_KJ_hkPIPsfW_qAU&oq=plan+de+estudios+arkansas+state+university+comuni&gs_lcp=Cgdnd3Mtd2l6EAMYADIFCCEQoAEyBQghEKABMgUIIRCgAToKCAAQRxDWBBCwAzoFCAAQgAQ6BggAEB4QFjoECCEQFToICCEQHhAWEB1KBAhBGABKBAhGGABQ_QZYv2lgvXpoBnABeACAAZ4DiAHoF5IBCTAuOC42LjAuMZgBAKABAcgBCMABAQ&sclient=gws-wiz,3,2022-09-17T01:29:35.756299-05:00
,https://support.microsoft.com/signin-oidc,2,2022-09-09T03:33:30.890629-05:00
Arranque seguro | Microsoft Docs,https://docs.microsoft.com/es-mx/windows-hardware/design/device-experiences/oem-secure-boot,2,2022-09-09T03:38:55.851667-05:00
usb display not working windows 10 - Buscar con Google,https://www.google.com/search?q=usb+display+not+working+windows+10&rlz=1C1CHBF_esMX998MX998&oq=usbc+display+not+wor&aqs=chrome.2.69i57j0i13i19l2j0i13i19i30j0i19i22i30l6.10065j0j7&sourceid=chrome&ie=UTF-8,2,2022-09-09T03:32:58.520169-05:00
,https://support.microsoft.com/en-us/silentsigninhandler,2,2022-09-09T03:33:30.890629-05:00
youtube - Buscar con Google,https://www.google.com/search?q=youtube&rlz=1C1CHBF_esMX998MX998&oq=y&aqs=chrome.0.0i131i355i433i512j46i131i199i433i465i512j69i57j46i131i199i433i465i512j0i131i433i512j69i60l3.1220j0j7&sourceid=chrome&ie=UTF-8,2,2022-09-17T01:17:28.875309-05:00
Compatibilidad con gráficos Intel®,https://www.intel.la/content/www/xl/es/support/products/80939/graphics.html,2,2022-09-09T03:31:18.16351-05:00
intel hd graphics - Buscar con Google,https://www.google.com/search?q=intel+hd+graphics&rlz=1C1CHBF_esMX998MX998&oq=intel+hd+graphics&aqs=chrome..69i57j0i512l9.3835j0j7&sourceid=chrome&ie=UTF-8,2,2022-09-09T03:31:15.175534-05:00
Troubleshoot external monitor connections in Windows 10,https://support.microsoft.com/en-us/windows/troubleshoot-external-monitor-connections-in-windows-10-5b46f4a4-9634-06bb-7622-f960facdfd49,2,2022-09-09T03:33:00.810149-05:00
usb c to hdmi not working - Buscar con Google,https://www.google.com/search?q=usb+c+to+hdmi+not+working&rlz=1C1CHBF_esMX998MX998&oq=usb+c+to+hdmi+&aqs=chrome.1.69i57j0i512l9.6847j0j7&sourceid=chrome&ie=UTF-8,2,2022-09-09T03:40:44.14336-05:00
que es el plan curricular - Buscar con Google,https://www.google.com/search?q=que+es+el+plan+curricular&source=lmns&bih=783&biw=1604&rlz=1C1CHBF_esMX998MX998&hl=es-419&sa=X&ved=2ahUKEwibw6KltZr6AhVikWoFHVNlBaYQ_AUoAHoECAEQAA,2,2022-09-17T00:05:55.972471-05:00
youtube - Buscar con Google,https://www.google.com/search?q=youtube&rlz=1C1CHBF_esMX998MX998&oq=yo&aqs=chrome.0.0i131i355i433i512j46i131i199i433i465i512j69i57j0i131i433i512j46i433i512j0i512j0i433j0i131i433i512j46i131i199i433i465i512.2498j0j7&sourceid=chrome&ie=UTF-8,2,2022-09-16T23:51:20.366875-05:00
Arkansas State University Campus Querétaro,https://www.estudiamas.com.mx/quienes-somos/universidades-colaboradoras/landing-arkansas/,2,2022-09-17T01:40:51.604287-05:00
que es el plan curricular - Búsqueda de Google,https://www.google.com/search?q=que+es+el+plan+curricular&rlz=1C1CHBF_esMX998MX998&source=lnms&tbm=isch&sa=X&ved=2ahUKEwjC6MyftZr6AhXtMUQIHZS_B6AQ_AUoAXoECAIQAw&biw=1604&bih=783&dpr=1.2,2,2022-09-17T00:00:41.767124-05:00
bohemian rhapsody 9d - Buscar con Google,https://www.google.com/search?q=bohemian+rhapsody+9d&rlz=1C1CHBF_esMX998MX998&sourceid=chrome&ie=UTF-8,2,2022-09-17T01:47:11.89448-05:00
que es el plan curricular - Buscar con Google,https://www.google.com/search?q=que+es+el+plan+curricular&rlz=1C1CHBF_esMX998MX998&oq=que+es+el+plan+curri&aqs=chrome.0.0i512j69i57j0i512l3j0i22i30l2.6058j0j7&sourceid=chrome&ie=UTF-8,2,2022-09-17T00:00:28.392212-05:00
plan de estudios ebc mercadotecnia - Buscar con Google,https://www.google.com/search?q=plan+de+estudios+ebc+mercadotecnia&rlz=1C1CHBF_esMX998MX998&oq=plan+curricular+ebc+merca&aqs=chrome.1.69i57j0i22i30.11431j0j7&sourceid=chrome&ie=UTF-8,2,2022-09-16T23:58:48.464798-05:00
Arranque seguro | Microsoft Docs,https://go.microsoft.com/fwlink/?linkid=2061374,1,2022-09-09T03:38:55.090346-05:00
Mon Laferte - Amárrame / Pa´Dónde Se Fue (En Vivo) - YouTube,https://www.youtube.com/watch?v=9XyiBI53LZ0,1,2022-09-17T01:15:46.747804-05:00
"Quedate x Algo me gusta de ti - Bizarrap ft. Quevedo, Wisin & Yandel (Letra) - YouTube",https://www.youtube.com/watch?v=-YvDjw-VvyI,1,2022-09-16T23:58:34.129507-05:00
YouTube,https://www.youtube.com/?gl=MX&hl=es&themeRefresh=1,1,2022-09-16T23:52:38.943756-05:00
"Manuel Turizo - La Bachata | Ojitos Lindos, Cris Mj, QUEVEDO (Letra/Lyrics) - YouTube",https://www.youtube.com/watch?v=XbcsFYL63pE,1,2022-09-17T00:05:08.546325-05:00
Fix: USB to HDMI adapter not working on Windows 10/11,"https://windowsreport.com/usb-to-hdmi-adapter-not-working/#:~:text=If%20your%20USB%2DC%20to,problems%20with%20cables%20and%20ports.",1,2022-09-09T03:40:46.591272-05:00
,https://www.ebc.mx/licenciaturas/booklet/mercadotecnia-ebc.pdf,1,2022-09-17T00:06:34.812136-05:00
"Bizarrap ╸Quevedo: Bzrp Music Sessions #52 | Bad Bunny, Cris MJ, KAROL G (Letra/Lyrics) - YouTube",https://www.youtube.com/watch?v=6nxRwuICfJQ,1,2022-09-17T00:18:55.752251-05:00
"Moscow Mule ╸Bad Bunny | Bad Bunny, Cris MJ, KAROL G, Chencho Corleone (Letra/Lyrics) - YouTube",https://www.youtube.com/watch?v=nT4LxCzILZQ,1,2022-09-17T00:32:49.297998-05:00
Arranque seguro | Microsoft Docs,https://docs.microsoft.com/windows-hardware/design/device-experiences/oem-secure-boot,1,2022-09-09T03:38:55.090346-05:00
Insert Ing Arq general,http://www.univa.mx/programas-educativos/wp-content/uploads/2018/06/Insert-Ing-Arq-general.pdf,1,2022-09-17T00:46:03.413114-05:00
huapango - YouTube,https://www.youtube.com/results?search_query=huapango,1,2022-09-17T00:48:49.464939-05:00
Moncayo - Huapango (Alondra de la Parra & L'Orchestre de Paris) - YouTube,https://www.youtube.com/watch?v=NbgAHpD4W_8,1,2022-09-17T00:48:57.147483-05:00
Arturo Márquez - Danzón No. 2 (Alondra de la Parra & La Orquesta de París) - YouTube,https://www.youtube.com/watch?v=pjZPHW0qVvo,1,2022-09-17T00:58:24.353074-05:00
glimpse of us joji lyrics español - YouTube,https://www.youtube.com/results?search_query=glimpse+of+us+joji+lyrics+espa%C3%B1ol,1,2022-09-17T01:07:49.996322-05:00
Joji - Glimpse of Us // Español - YouTube,https://www.youtube.com/watch?v=qX_g5OGiUAI,1,2022-09-17T01:07:56.032902-05:00
montehues and capuletas - YouTube,https://www.youtube.com/results?search_query=montehues+and+capuletas,1,2022-09-17T01:47:19.182429-05:00
Licenciatura en Psicología | Universidad Incarnate Word Campus Bajío,https://uiwbajio.mx/academic-programs/licenciaturas-e-ingenierias/psicologia/licenciatura-en-psicologia/,1,2022-09-17T01:08:17.779232-05:00
Glimpse Of Us - Joji (Sub. Español - Lyrics) - YouTube,https://www.youtube.com/watch?v=VllwwjMrByo,1,2022-09-17T01:14:37.051914-05:00
Licenciatura en Mercadotecnia | EBC,https://www.ebc.mx/licenciaturas/mercadotecnia,1,2022-09-17T00:00:01.683106-05:00
,https://login.microsoftonline.com/common/oauth2/v2.0/authorize?client_id=ee272b19-4411-433f-8f28-5c13cb6fd407&redirect_uri=https%3A%2F%2Fsupport.microsoft.com%2Fsignin-oidc&response_type=code%20id_token&scope=openid%20profile%20offline_access&response_mode=form_post&nonce=637982875828554830.NjllNzZjZDItZDM2Ny00YjZjLWIwY2ItMGIwZTY1NmQ1YTc1ZjFmN2VjOTYtYTk3NC00NDAzLTg0N2EtZjdkZmEzODBmNjI4&prompt=none&state=CfDJ8LSIxUzEr7ZGv7WyvMoLssmHCLsPf8jFWFJ_UuxHdOUsQGQcSVbZHLZNPNfvSBxNpKMCdIPsd_nokbyGkbtLIoHOIOmwvt9GNir1UR9FM8d-vR4eyMoeIsxqLC77iV9QPxfM2mbdgdRfSWVfvNJRHl8hMYtKPg9Vf1Ts2vCzbS1-dbaP9Mk6lKDpCakk4yhLyHiGS_cdvLQ6_EIuAIaAWsKq3jSHCZh3nN3mIcFFRHDZsahTaX6qT59xSqYF-rxhir34Najjy5AitxbsgL31FdxP3i6E0g8yGVfKqJopevA-b07AN8q0YR9QHrdaP3p-7OAhuZGPnU2VwvhhmrxBSt5M-zsBj1mtVsDj9JfZNPf5&x-client-SKU=ID_NETSTANDARD2_0&x-client-ver=6.7.1.0&sso_reload=true,1,2022-09-09T03:33:30.283703-05:00
LP - Lost On You (Live) - YouTube,https://www.youtube.com/watch?v=wDjeBNv6ip0,1,2022-09-17T01:17:40.306103-05:00
bohemian rhapsody - YouTube,https://www.youtube.com/results?search_query=bohemian+rhapsody,1,2022-09-17T01:27:50.390605-05:00
Queen – Bohemian Rhapsody (Official Video Remastered) - YouTube,https://www.youtube.com/watch?v=fJ9rUzIMcZQ,1,2022-09-17T01:27:53.503412-05:00
Compatibilidad con gráficos Intel®,https://www.intel.la/content/www/xl/es/support/products/80939/graphics.html#support-recommended-articles,1,2022-09-09T03:31:24.751337-05:00
bohemian rhapsody 9d - YouTube,https://www.youtube.com/results?search_query=bohemian+rhapsody+9d,1,2022-09-17T01:28:56.315967-05:00
Queen - Bohemian Rhapsody 🔊12D AUDIO🔊 (Multi-directional) - YouTube,https://www.youtube.com/watch?v=ftJGzhQsLgM,1,2022-09-17T01:28:58.95795-05:00
"Gmail: Correo electrónico gratuito, privado y seguro | Google Workspace",https://www.google.com/intl/es-419/gmail/about/#inbox,1,2022-07-14T23:00:14.562131-05:00
"Gmail: Correo electrónico gratuito, privado y seguro | Google Workspace",https://www.google.com/intl/es-419/mail/help/about.html#inbox,1,2022-07-14T23:00:14.562131-05:00
ADMISIONES,https://www.astate.edu/a/global-initiatives/international/admissions/language-spanish/index.dot,1,2022-09-17T01:29:45.74117-05:00
AC/DC - Thunderstruck (Official Video) - YouTube,https://www.youtube.com/watch?v=v2AC41dglnM,1,2022-09-17T01:38:32.07064-05:00
AC/DC - Highway to Hell (Full Album) - YouTube,https://www.youtube.com/watch?v=6CwIB6pQoPo,1,2022-09-17T01:39:25.207675-05:00
"Gmail: Correo electrónico gratuito, privado y seguro | Google Workspace",https://mail.google.com/intl/es-419/mail/help/about.html#inbox,1,2022-07-14T23:00:14.562131-05:00
Vinculación EdoQro y Arkansas State University - INFOBILIA,https://www.infobilia.com/index.php/vinculacion-arkansas-university/,1,2022-09-17T01:41:47.495245-05:00
"Me Porto Bonito - Bad Bunny | Bizarrap, Quevedo, KAROL G, Maldy (Letra/Lyrics) - YouTube",https://www.youtube.com/watch?v=kMaK2ph_NPI,1,2022-09-17T01:44:10.533985-05:00
"Gmail: Correo electrónico gratuito, privado y seguro | Google Workspace",https://accounts.google.com/ServiceLogin?service=mail&passive=1209600&osid=1&continue=https://mail.google.com/mail/u/0/&followup=https://mail.google.com/mail/u/0/&emr=1#inbox,1,2022-07-14T23:00:14.562131-05:00
"Gmail: Correo electrónico gratuito, privado y seguro | Google Workspace",https://mail.google.com/mail/u/0/#inbox,0,2022-07-14T23:00:14.562131-05:00
